1;0;0.99007;0.00993;0.00000;0.00000;0.00000;0.00000;0.00000
1;1;0.18900;0.81100;0.00000;0.00000;0.00000;0.00000;0.00000
1;2;0.00000;0.00000;0.00000;0.00000;0.00000;0.00000;0.00000
1;3;0.00000;0.00000;0.00000;0.00000;0.00000;0.00000;0.00000
1;4;0.00000;0.00000;0.00000;0.00000;0.00000;0.00000;0.00000
1;5;0.00000;0.00000;0.00000;0.00000;0.00000;0.00000;0.00000
1;6;0.00000;0.00000;0.00000;0.00000;0.00000;0.00000;0.00000
2;0;0.99380;0.00620;0.00000;0.00000;0.00000;0.00000;0.00000
2;1;0.17600;0.82400;0.00000;0.00000;0.00000;0.00000;0.00000
2;2;0.00000;0.00000;0.00000;0.00000;0.00000;0.00000;0.00000
2;3;0.00000;0.00000;0.00000;0.00000;0.00000;0.00000;0.00000
2;4;0.00000;0.00000;0.00000;0.00000;0.00000;0.00000;0.00000
2;5;0.00000;0.00000;0.00000;0.00000;0.00000;0.00000;0.00000
2;6;0.00000;0.00000;0.00000;0.00000;0.00000;0.00000;0.00000
3;0;0.99192;0.00808;0.00000;0.00000;0.00000;0.00000;0.00000
3;1;0.16279;0.83721;0.00000;0.00000;0.00000;0.00000;0.00000
3;2;0.00000;0.00000;0.00000;0.00000;0.00000;0.00000;0.00000
3;3;0.00000;0.00000;0.00000;0.00000;0.00000;0.00000;0.00000
3;4;0.00000;0.00000;0.00000;0.00000;0.00000;0.00000;0.00000
3;5;0.00000;0.00000;0.00000;0.00000;0.00000;0.00000;0.00000
3;6;0.00000;0.00000;0.00000;0.00000;0.00000;0.00000;0.00000
4;0;0.99669;0.00331;0.00000;0.00000;0.00000;0.00000;0.00000
4;1;0.14583;0.85417;0.00000;0.00000;0.00000;0.00000;0.00000
4;2;0.00000;0.00000;0.00000;0.00000;0.00000;0.00000;0.00000
4;3;0.00000;0.00000;0.00000;0.00000;0.00000;0.00000;0.00000
4;4;0.00000;0.00000;0.00000;0.00000;0.00000;0.00000;0.00000
4;5;0.00000;0.00000;0.00000;0.00000;0.00000;0.00000;0.00000
4;6;0.00000;0.00000;0.00000;0.00000;0.00000;0.00000;0.00000
5;0;0.99608;0.00392;0.00000;0.00000;0.00000;0.00000;0.00000
5;1;0.20118;0.79882;0.00000;0.00000;0.00000;0.00000;0.00000
5;2;0.00000;0.00000;0.00000;0.00000;0.00000;0.00000;0.00000
5;3;0.00000;0.00000;0.00000;0.00000;0.00000;0.00000;0.00000
5;4;0.00000;0.00000;0.00000;0.00000;0.00000;0.00000;0.00000
5;5;0.00000;0.00000;0.00000;0.00000;0.00000;0.00000;0.00000
5;6;0.00000;0.00000;0.00000;0.00000;0.00000;0.00000;0.00000
6;0;0.99359;0.00641;0.00000;0.00000;0.00000;0.00000;0.00000
6;1;0.43972;0.56028;0.00000;0.00000;0.00000;0.00000;0.00000
6;2;0.00000;0.00000;0.00000;0.00000;0.00000;0.00000;0.00000
6;3;0.00000;0.00000;0.00000;0.00000;0.00000;0.00000;0.00000
6;4;0.00000;0.00000;0.00000;0.00000;0.00000;0.00000;0.00000
6;5;0.00000;0.00000;0.00000;0.00000;0.00000;0.00000;0.00000
6;6;0.00000;0.00000;0.00000;0.00000;0.00000;0.00000;0.00000
7;0;0.99566;0.00434;0.00000;0.00000;0.00000;0.00000;0.00000
7;1;0.16854;0.83146;0.00000;0.00000;0.00000;0.00000;0.00000
7;2;0.00000;0.00000;0.00000;0.00000;0.00000;0.00000;0.00000
7;3;0.00000;0.00000;0.00000;0.00000;0.00000;0.00000;0.00000
7;4;0.00000;0.00000;0.00000;0.00000;0.00000;0.00000;0.00000
7;5;0.00000;0.00000;0.00000;0.00000;0.00000;0.00000;0.00000
7;6;0.00000;0.00000;0.00000;0.00000;0.00000;0.00000;0.00000
8;0;0.99506;0.00494;0.00000;0.00000;0.00000;0.00000;0.00000
8;1;0.19753;0.80247;0.00000;0.00000;0.00000;0.00000;0.00000
8;2;0.00000;0.00000;0.00000;0.00000;0.00000;0.00000;0.00000
8;3;0.00000;0.00000;0.00000;0.00000;0.00000;0.00000;0.00000
8;4;0.00000;0.00000;0.00000;0.00000;0.00000;0.00000;0.00000
8;5;0.00000;0.00000;0.00000;0.00000;0.00000;0.00000;0.00000
8;6;0.00000;0.00000;0.00000;0.00000;0.00000;0.00000;0.00000
9;0;0.99324;0.00676;0.00000;0.00000;0.00000;0.00000;0.00000
9;1;0.16438;0.83562;0.00000;0.00000;0.00000;0.00000;0.00000
9;2;0.00000;0.00000;0.00000;0.00000;0.00000;0.00000;0.00000
9;3;0.00000;0.00000;0.00000;0.00000;0.00000;0.00000;0.00000
9;4;0.00000;0.00000;0.00000;0.00000;0.00000;0.00000;0.00000
9;5;0.00000;0.00000;0.00000;0.00000;0.00000;0.00000;0.00000
9;6;0.00000;0.00000;0.00000;0.00000;0.00000;0.00000;0.00000
10;0;0.99448;0.00552;0.00000;0.00000;0.00000;0.00000;0.00000
10;1;0.15278;0.84722;0.00000;0.00000;0.00000;0.00000;0.00000
10;2;0.00000;0.00000;0.00000;0.00000;0.00000;0.00000;0.00000
10;3;0.00000;0.00000;0.00000;0.00000;0.00000;0.00000;0.00000
10;4;0.00000;0.00000;0.00000;0.00000;0.00000;0.00000;0.00000
10;5;0.00000;0.00000;0.00000;0.00000;0.00000;0.00000;0.00000
10;6;0.00000;0.00000;0.00000;0.00000;0.00000;0.00000;0.00000
11;0;0.99448;0.00552;0.00000;0.00000;0.00000;0.00000;0.00000
11;1;0.20000;0.80000;0.00000;0.00000;0.00000;0.00000;0.00000
11;2;0.00000;0.00000;0.00000;0.00000;0.00000;0.00000;0.00000
11;3;0.00000;0.00000;0.00000;0.00000;0.00000;0.00000;0.00000
11;4;0.00000;0.00000;0.00000;0.00000;0.00000;0.00000;0.00000
11;5;0.00000;0.00000;0.00000;0.00000;0.00000;0.00000;0.00000
11;6;0.00000;0.00000;0.00000;0.00000;0.00000;0.00000;0.00000
12;0;0.99389;0.00611;0.00000;0.00000;0.00000;0.00000;0.00000
12;1;0.33846;0.66154;0.00000;0.00000;0.00000;0.00000;0.00000
12;2;0.00000;0.00000;0.00000;0.00000;0.00000;0.00000;0.00000
12;3;0.00000;0.00000;0.00000;0.00000;0.00000;0.00000;0.00000
12;4;0.00000;0.00000;0.00000;0.00000;0.00000;0.00000;0.00000
12;5;0.00000;0.00000;0.00000;0.00000;0.00000;0.00000;0.00000
12;6;0.00000;0.00000;0.00000;0.00000;0.00000;0.00000;0.00000
13;0;0.99454;0.00546;0.00000;0.00000;0.00000;0.00000;0.00000
13;1;0.11321;0.88679;0.00000;0.00000;0.00000;0.00000;0.00000
13;2;0.00000;0.00000;0.00000;0.00000;0.00000;0.00000;0.00000
13;3;0.00000;0.00000;0.00000;0.00000;0.00000;0.00000;0.00000
13;4;0.00000;0.00000;0.00000;0.00000;0.00000;0.00000;0.00000
13;5;0.00000;0.00000;0.00000;0.00000;0.00000;0.00000;0.00000
13;6;0.00000;0.00000;0.00000;0.00000;0.00000;0.00000;0.00000
14;0;0.99635;0.00365;0.00000;0.00000;0.00000;0.00000;0.00000
14;1;0.28571;0.71429;0.00000;0.00000;0.00000;0.00000;0.00000
14;2;0.00000;0.00000;0.00000;0.00000;0.00000;0.00000;0.00000
14;3;0.00000;0.00000;0.00000;0.00000;0.00000;0.00000;0.00000
14;4;0.00000;0.00000;0.00000;0.00000;0.00000;0.00000;0.00000
14;5;0.00000;0.00000;0.00000;0.00000;0.00000;0.00000;0.00000
14;6;0.00000;0.00000;0.00000;0.00000;0.00000;0.00000;0.00000
15;0;0.99698;0.00302;0.00000;0.00000;0.00000;0.00000;0.00000
15;1;0.19565;0.80435;0.00000;0.00000;0.00000;0.00000;0.00000
15;2;0.00000;0.00000;0.00000;0.00000;0.00000;0.00000;0.00000
15;3;0.00000;0.00000;0.00000;0.00000;0.00000;0.00000;0.00000
15;4;0.00000;0.00000;0.00000;0.00000;0.00000;0.00000;0.00000
15;5;0.00000;0.00000;0.00000;0.00000;0.00000;0.00000;0.00000
15;6;0.00000;0.00000;0.00000;0.00000;0.00000;0.00000;0.00000
16;0;0.99578;0.00422;0.00000;0.00000;0.00000;0.00000;0.00000
16;1;0.09524;0.90476;0.00000;0.00000;0.00000;0.00000;0.00000
16;2;0.00000;0.00000;0.00000;0.00000;0.00000;0.00000;0.00000
16;3;0.00000;0.00000;0.00000;0.00000;0.00000;0.00000;0.00000
16;4;0.00000;0.00000;0.00000;0.00000;0.00000;0.00000;0.00000
16;5;0.00000;0.00000;0.00000;0.00000;0.00000;0.00000;0.00000
16;6;0.00000;0.00000;0.00000;0.00000;0.00000;0.00000;0.00000
17;0;0.99396;0.00604;0.00000;0.00000;0.00000;0.00000;0.00000
17;1;0.31111;0.68889;0.00000;0.00000;0.00000;0.00000;0.00000
17;2;0.00000;0.00000;0.00000;0.00000;0.00000;0.00000;0.00000
17;3;0.00000;0.00000;0.00000;0.00000;0.00000;0.00000;0.00000
17;4;0.00000;0.00000;0.00000;0.00000;0.00000;0.00000;0.00000
17;5;0.00000;0.00000;0.00000;0.00000;0.00000;0.00000;0.00000
17;6;0.00000;0.00000;0.00000;0.00000;0.00000;0.00000;0.00000
18;0;0.99277;0.00723;0.00000;0.00000;0.00000;0.00000;0.00000
18;1;0.31707;0.68293;0.00000;0.00000;0.00000;0.00000;0.00000
18;2;0.00000;0.00000;0.00000;0.00000;0.00000;0.00000;0.00000
18;3;0.00000;0.00000;0.00000;0.00000;0.00000;0.00000;0.00000
18;4;0.00000;0.00000;0.00000;0.00000;0.00000;0.00000;0.00000
18;5;0.00000;0.00000;0.00000;0.00000;0.00000;0.00000;0.00000
18;6;0.00000;0.00000;0.00000;0.00000;0.00000;0.00000;0.00000
19;0;0.99579;0.00421;0.00000;0.00000;0.00000;0.00000;0.00000
19;1;0.32500;0.67500;0.00000;0.00000;0.00000;0.00000;0.00000
19;2;0.00000;0.00000;0.00000;0.00000;0.00000;0.00000;0.00000
19;3;0.00000;0.00000;0.00000;0.00000;0.00000;0.00000;0.00000
19;4;0.00000;0.00000;0.00000;0.00000;0.00000;0.00000;0.00000
19;5;0.00000;0.00000;0.00000;0.00000;0.00000;0.00000;0.00000
19;6;0.00000;0.00000;0.00000;0.00000;0.00000;0.00000;0.00000
20;0;0.99640;0.00360;0.00000;0.00000;0.00000;0.00000;0.00000
20;1;0.29412;0.70588;0.00000;0.00000;0.00000;0.00000;0.00000
20;2;0.00000;0.00000;0.00000;0.00000;0.00000;0.00000;0.00000
20;3;0.00000;0.00000;0.00000;0.00000;0.00000;0.00000;0.00000
20;4;0.00000;0.00000;0.00000;0.00000;0.00000;0.00000;0.00000
20;5;0.00000;0.00000;0.00000;0.00000;0.00000;0.00000;0.00000
20;6;0.00000;0.00000;0.00000;0.00000;0.00000;0.00000;0.00000
21;0;0.99761;0.00239;0.00000;0.00000;0.00000;0.00000;0.00000
21;1;0.30000;0.70000;0.00000;0.00000;0.00000;0.00000;0.00000
21;2;0.00000;0.00000;0.00000;0.00000;0.00000;0.00000;0.00000
21;3;0.00000;0.00000;0.00000;0.00000;0.00000;0.00000;0.00000
21;4;0.00000;0.00000;0.00000;0.00000;0.00000;0.00000;0.00000
21;5;0.00000;0.00000;0.00000;0.00000;0.00000;0.00000;0.00000
21;6;0.00000;0.00000;0.00000;0.00000;0.00000;0.00000;0.00000
22;0;0.99881;0.00119;0.00000;0.00000;0.00000;0.00000;0.00000
22;1;0.04000;0.96000;0.00000;0.00000;0.00000;0.00000;0.00000
22;2;0.00000;0.00000;0.00000;0.00000;0.00000;0.00000;0.00000
22;3;0.00000;0.00000;0.00000;0.00000;0.00000;0.00000;0.00000
22;4;0.00000;0.00000;0.00000;0.00000;0.00000;0.00000;0.00000
22;5;0.00000;0.00000;0.00000;0.00000;0.00000;0.00000;0.00000
22;6;0.00000;0.00000;0.00000;0.00000;0.00000;0.00000;0.00000
23;0;0.99701;0.00299;0.00000;0.00000;0.00000;0.00000;0.00000
23;1;0.26923;0.73077;0.00000;0.00000;0.00000;0.00000;0.00000
23;2;0.00000;0.00000;0.00000;0.00000;0.00000;0.00000;0.00000
23;3;0.00000;0.00000;0.00000;0.00000;0.00000;0.00000;0.00000
23;4;0.00000;0.00000;0.00000;0.00000;0.00000;0.00000;0.00000
23;5;0.00000;0.00000;0.00000;0.00000;0.00000;0.00000;0.00000
23;6;0.00000;0.00000;0.00000;0.00000;0.00000;0.00000;0.00000
24;0;0.98986;0.01014;0.00000;0.00000;0.00000;0.00000;0.00000
24;1;0.87500;0.12500;0.00000;0.00000;0.00000;0.00000;0.00000
24;2;0.00000;0.00000;0.00000;0.00000;0.00000;0.00000;0.00000
24;3;0.00000;0.00000;0.00000;0.00000;0.00000;0.00000;0.00000
24;4;0.00000;0.00000;0.00000;0.00000;0.00000;0.00000;0.00000
24;5;0.00000;0.00000;0.00000;0.00000;0.00000;0.00000;0.00000
24;6;0.00000;0.00000;0.00000;0.00000;0.00000;0.00000;0.00000
25;0;0.99286;0.00714;0.00000;0.00000;0.00000;0.00000;0.00000
25;1;0.15000;0.85000;0.00000;0.00000;0.00000;0.00000;0.00000
25;2;0.00000;0.00000;0.00000;0.00000;0.00000;0.00000;0.00000
25;3;0.00000;0.00000;0.00000;0.00000;0.00000;0.00000;0.00000
25;4;0.00000;0.00000;0.00000;0.00000;0.00000;0.00000;0.00000
25;5;0.00000;0.00000;0.00000;0.00000;0.00000;0.00000;0.00000
25;6;0.00000;0.00000;0.00000;0.00000;0.00000;0.00000;0.00000
26;0;0.99462;0.00538;0.00000;0.00000;0.00000;0.00000;0.00000
26;1;0.34483;0.65517;0.00000;0.00000;0.00000;0.00000;0.00000
26;2;0.00000;0.00000;0.00000;0.00000;0.00000;0.00000;0.00000
26;3;0.00000;0.00000;0.00000;0.00000;0.00000;0.00000;0.00000
26;4;0.00000;0.00000;0.00000;0.00000;0.00000;0.00000;0.00000
26;5;0.00000;0.00000;0.00000;0.00000;0.00000;0.00000;0.00000
26;6;0.00000;0.00000;0.00000;0.00000;0.00000;0.00000;0.00000
27;0;0.99342;0.00658;0.00000;0.00000;0.00000;0.00000;0.00000
27;1;0.39286;0.60714;0.00000;0.00000;0.00000;0.00000;0.00000
27;2;0.00000;0.00000;0.00000;0.00000;0.00000;0.00000;0.00000
27;3;0.00000;0.00000;0.00000;0.00000;0.00000;0.00000;0.00000
27;4;0.00000;0.00000;0.00000;0.00000;0.00000;0.00000;0.00000
27;5;0.00000;0.00000;0.00000;0.00000;0.00000;0.00000;0.00000
27;6;0.00000;0.00000;0.00000;0.00000;0.00000;0.00000;0.00000
28;0;0.99641;0.00359;0.00000;0.00000;0.00000;0.00000;0.00000
28;1;0.28571;0.71429;0.00000;0.00000;0.00000;0.00000;0.00000
28;2;0.00000;0.00000;0.00000;0.00000;0.00000;0.00000;0.00000
28;3;0.00000;0.00000;0.00000;0.00000;0.00000;0.00000;0.00000
28;4;0.00000;0.00000;0.00000;0.00000;0.00000;0.00000;0.00000
28;5;0.00000;0.00000;0.00000;0.00000;0.00000;0.00000;0.00000
28;6;0.00000;0.00000;0.00000;0.00000;0.00000;0.00000;0.00000
29;0;0.99045;0.00955;0.00000;0.00000;0.00000;0.00000;0.00000
29;1;0.11538;0.88462;0.00000;0.00000;0.00000;0.00000;0.00000
29;2;0.00000;0.00000;0.00000;0.00000;0.00000;0.00000;0.00000
29;3;0.00000;0.00000;0.00000;0.00000;0.00000;0.00000;0.00000
29;4;0.00000;0.00000;0.00000;0.00000;0.00000;0.00000;0.00000
29;5;0.00000;0.00000;0.00000;0.00000;0.00000;0.00000;0.00000
29;6;0.00000;0.00000;0.00000;0.00000;0.00000;0.00000;0.00000
30;0;0.98616;0.01384;0.00000;0.00000;0.00000;0.00000;0.00000
30;1;0.17949;0.82051;0.00000;0.00000;0.00000;0.00000;0.00000
30;2;0.00000;0.00000;0.00000;0.00000;0.00000;0.00000;0.00000
30;3;0.00000;0.00000;0.00000;0.00000;0.00000;0.00000;0.00000
30;4;0.00000;0.00000;0.00000;0.00000;0.00000;0.00000;0.00000
30;5;0.00000;0.00000;0.00000;0.00000;0.00000;0.00000;0.00000
30;6;0.00000;0.00000;0.00000;0.00000;0.00000;0.00000;0.00000
31;0;0.99028;0.00972;0.00000;0.00000;0.00000;0.00000;0.00000
31;1;0.09091;0.90909;0.00000;0.00000;0.00000;0.00000;0.00000
31;2;0.00000;0.00000;0.00000;0.00000;0.00000;0.00000;0.00000
31;3;0.00000;0.00000;0.00000;0.00000;0.00000;0.00000;0.00000
31;4;0.00000;0.00000;0.00000;0.00000;0.00000;0.00000;0.00000
31;5;0.00000;0.00000;0.00000;0.00000;0.00000;0.00000;0.00000
31;6;0.00000;0.00000;0.00000;0.00000;0.00000;0.00000;0.00000
32;0;0.99083;0.00917;0.00000;0.00000;0.00000;0.00000;0.00000
32;1;0.31818;0.68182;0.00000;0.00000;0.00000;0.00000;0.00000
32;2;0.00000;0.00000;0.00000;0.00000;0.00000;0.00000;0.00000
32;3;0.00000;0.00000;0.00000;0.00000;0.00000;0.00000;0.00000
32;4;0.00000;0.00000;0.00000;0.00000;0.00000;0.00000;0.00000
32;5;0.00000;0.00000;0.00000;0.00000;0.00000;0.00000;0.00000
32;6;0.00000;0.00000;0.00000;0.00000;0.00000;0.00000;0.00000
33;0;0.98781;0.01219;0.00000;0.00000;0.00000;0.00000;0.00000
33;1;0.25000;0.75000;0.00000;0.00000;0.00000;0.00000;0.00000
33;2;0.00000;0.00000;0.00000;0.00000;0.00000;0.00000;0.00000
33;3;0.00000;0.00000;0.00000;0.00000;0.00000;0.00000;0.00000
33;4;0.00000;0.00000;0.00000;0.00000;0.00000;0.00000;0.00000
33;5;0.00000;0.00000;0.00000;0.00000;0.00000;0.00000;0.00000
33;6;0.00000;0.00000;0.00000;0.00000;0.00000;0.00000;0.00000
34;0;0.99572;0.00428;0.00000;0.00000;0.00000;0.00000;0.00000
34;1;0.15385;0.84615;0.00000;0.00000;0.00000;0.00000;0.00000
34;2;0.00000;0.00000;0.00000;0.00000;0.00000;0.00000;0.00000
34;3;0.00000;0.00000;0.00000;0.00000;0.00000;0.00000;0.00000
34;4;0.00000;0.00000;0.00000;0.00000;0.00000;0.00000;0.00000
34;5;0.00000;0.00000;0.00000;0.00000;0.00000;0.00000;0.00000
34;6;0.00000;0.00000;0.00000;0.00000;0.00000;0.00000;0.00000
35;0;0.98597;0.01403;0.00000;0.00000;0.00000;0.00000;0.00000
35;1;0.14516;0.85484;0.00000;0.00000;0.00000;0.00000;0.00000
35;2;0.00000;0.00000;0.00000;0.00000;0.00000;0.00000;0.00000
35;3;0.00000;0.00000;0.00000;0.00000;0.00000;0.00000;0.00000
35;4;0.00000;0.00000;0.00000;0.00000;0.00000;0.00000;0.00000
35;5;0.00000;0.00000;0.00000;0.00000;0.00000;0.00000;0.00000
35;6;0.00000;0.00000;0.00000;0.00000;0.00000;0.00000;0.00000
36;0;0.96677;0.03323;0.00000;0.00000;0.00000;0.00000;0.00000
36;1;0.17105;0.82895;0.00000;0.00000;0.00000;0.00000;0.00000
36;2;0.00000;0.00000;0.00000;0.00000;0.00000;0.00000;0.00000
36;3;0.00000;0.00000;0.00000;0.00000;0.00000;0.00000;0.00000
36;4;0.00000;0.00000;0.00000;0.00000;0.00000;0.00000;0.00000
36;5;0.00000;0.00000;0.00000;0.00000;0.00000;0.00000;0.00000
36;6;0.00000;0.00000;0.00000;0.00000;0.00000;0.00000;0.00000
37;0;0.98422;0.01578;0.00000;0.00000;0.00000;0.00000;0.00000
37;1;0.12821;0.87179;0.00000;0.00000;0.00000;0.00000;0.00000
37;2;0.00000;0.00000;0.00000;0.00000;0.00000;0.00000;0.00000
37;3;0.00000;0.00000;0.00000;0.00000;0.00000;0.00000;0.00000
37;4;0.00000;0.00000;0.00000;0.00000;0.00000;0.00000;0.00000
37;5;0.00000;0.00000;0.00000;0.00000;0.00000;0.00000;0.00000
37;6;0.00000;0.00000;0.00000;0.00000;0.00000;0.00000;0.00000
38;0;0.98158;0.01842;0.00000;0.00000;0.00000;0.00000;0.00000
38;1;0.07087;0.92913;0.00000;0.00000;0.00000;0.00000;0.00000
38;2;0.00000;0.00000;0.00000;0.00000;0.00000;0.00000;0.00000
38;3;0.00000;0.00000;0.00000;0.00000;0.00000;0.00000;0.00000
38;4;0.00000;0.00000;0.00000;0.00000;0.00000;0.00000;0.00000
38;5;0.00000;0.00000;0.00000;0.00000;0.00000;0.00000;0.00000
38;6;0.00000;0.00000;0.00000;0.00000;0.00000;0.00000;0.00000
39;0;0.97362;0.02638;0.00000;0.00000;0.00000;0.00000;0.00000
39;1;0.06122;0.93878;0.00000;0.00000;0.00000;0.00000;0.00000
39;2;0.00000;0.00000;0.00000;0.00000;0.00000;0.00000;0.00000
39;3;0.00000;0.00000;0.00000;0.00000;0.00000;0.00000;0.00000
39;4;0.00000;0.00000;0.00000;0.00000;0.00000;0.00000;0.00000
39;5;0.00000;0.00000;0.00000;0.00000;0.00000;0.00000;0.00000
39;6;0.00000;0.00000;0.00000;0.00000;0.00000;0.00000;0.00000
40;0;0.98555;0.01445;0.00000;0.00000;0.00000;0.00000;0.00000
40;1;0.06145;0.93855;0.00000;0.00000;0.00000;0.00000;0.00000
40;2;0.00000;0.00000;0.00000;0.00000;0.00000;0.00000;0.00000
40;3;0.00000;0.00000;0.00000;0.00000;0.00000;0.00000;0.00000
40;4;0.00000;0.00000;0.00000;0.00000;0.00000;0.00000;0.00000
40;5;0.00000;0.00000;0.00000;0.00000;0.00000;0.00000;0.00000
40;6;0.00000;0.00000;0.00000;0.00000;0.00000;0.00000;0.00000
41;0;0.96294;0.03706;0.00000;0.00000;0.00000;0.00000;0.00000
41;1;0.09474;0.90526;0.00000;0.00000;0.00000;0.00000;0.00000
41;2;0.00000;0.00000;0.00000;0.00000;0.00000;0.00000;0.00000
41;3;0.00000;0.00000;0.00000;0.00000;0.00000;0.00000;0.00000
41;4;0.00000;0.00000;0.00000;0.00000;0.00000;0.00000;0.00000
41;5;0.00000;0.00000;0.00000;0.00000;0.00000;0.00000;0.00000
41;6;0.00000;0.00000;0.00000;0.00000;0.00000;0.00000;0.00000
42;0;0.90631;0.09369;0.00000;0.00000;0.00000;0.00000;0.00000
42;1;0.11842;0.88158;0.00000;0.00000;0.00000;0.00000;0.00000
42;2;0.00000;0.00000;0.00000;0.00000;0.00000;0.00000;0.00000
42;3;0.00000;0.00000;0.00000;0.00000;0.00000;0.00000;0.00000
42;4;0.00000;0.00000;0.00000;0.00000;0.00000;0.00000;0.00000
42;5;0.00000;0.00000;0.00000;0.00000;0.00000;0.00000;0.00000
42;6;0.00000;0.00000;0.00000;0.00000;0.00000;0.00000;0.00000
43;0;0.95521;0.04479;0.00000;0.00000;0.00000;0.00000;0.00000
43;1;0.04720;0.95280;0.00000;0.00000;0.00000;0.00000;0.00000
43;2;0.00000;0.00000;0.00000;0.00000;0.00000;0.00000;0.00000
43;3;0.00000;0.00000;0.00000;0.00000;0.00000;0.00000;0.00000
43;4;0.00000;0.00000;0.00000;0.00000;0.00000;0.00000;0.00000
43;5;0.00000;0.00000;0.00000;0.00000;0.00000;0.00000;0.00000
43;6;0.00000;0.00000;0.00000;0.00000;0.00000;0.00000;0.00000
44;0;0.95444;0.04556;0.00000;0.00000;0.00000;0.00000;0.00000
44;1;0.03385;0.96615;0.00000;0.00000;0.00000;0.00000;0.00000
44;2;0.00000;0.00000;0.00000;0.00000;0.00000;0.00000;0.00000
44;3;0.00000;0.00000;0.00000;0.00000;0.00000;0.00000;0.00000
44;4;0.00000;0.00000;0.00000;0.00000;0.00000;0.00000;0.00000
44;5;0.00000;0.00000;0.00000;0.00000;0.00000;0.00000;0.00000
44;6;0.00000;0.00000;0.00000;0.00000;0.00000;0.00000;0.00000
45;0;0.92677;0.07323;0.00000;0.00000;0.00000;0.00000;0.00000
45;1;0.05104;0.94896;0.00000;0.00000;0.00000;0.00000;0.00000
45;2;0.00000;0.00000;0.00000;0.00000;0.00000;0.00000;0.00000
45;3;0.00000;0.00000;0.00000;0.00000;0.00000;0.00000;0.00000
45;4;0.00000;0.00000;0.00000;0.00000;0.00000;0.00000;0.00000
45;5;0.00000;0.00000;0.00000;0.00000;0.00000;0.00000;0.00000
45;6;0.00000;0.00000;0.00000;0.00000;0.00000;0.00000;0.00000
46;0;0.94912;0.05088;0.00000;0.00000;0.00000;0.00000;0.00000
46;1;0.03386;0.96614;0.00000;0.00000;0.00000;0.00000;0.00000
46;2;0.00000;0.00000;0.00000;0.00000;0.00000;0.00000;0.00000
46;3;0.00000;0.00000;0.00000;0.00000;0.00000;0.00000;0.00000
46;4;0.00000;0.00000;0.00000;0.00000;0.00000;0.00000;0.00000
46;5;0.00000;0.00000;0.00000;0.00000;0.00000;0.00000;0.00000
46;6;0.00000;0.00000;0.00000;0.00000;0.00000;0.00000;0.00000
47;0;0.91775;0.08225;0.00000;0.00000;0.00000;0.00000;0.00000
47;1;0.05311;0.94689;0.00000;0.00000;0.00000;0.00000;0.00000
47;2;0.00000;0.00000;0.00000;0.00000;0.00000;0.00000;0.00000
47;3;0.00000;0.00000;0.00000;0.00000;0.00000;0.00000;0.00000
47;4;0.00000;0.00000;0.00000;0.00000;0.00000;0.00000;0.00000
47;5;0.00000;0.00000;0.00000;0.00000;0.00000;0.00000;0.00000
47;6;0.00000;0.00000;0.00000;0.00000;0.00000;0.00000;0.00000
48;0;0.85767;0.14233;0.00000;0.00000;0.00000;0.00000;0.00000
48;1;0.04575;0.95425;0.00000;0.00000;0.00000;0.00000;0.00000
48;2;0.00000;0.00000;0.00000;0.00000;0.00000;0.00000;0.00000
48;3;0.00000;0.00000;0.00000;0.00000;0.00000;0.00000;0.00000
48;4;0.00000;0.00000;0.00000;0.00000;0.00000;0.00000;0.00000
48;5;0.00000;0.00000;0.00000;0.00000;0.00000;0.00000;0.00000
48;6;0.00000;0.00000;0.00000;0.00000;0.00000;0.00000;0.00000
49;0;0.91684;0.08316;0.00000;0.00000;0.00000;0.00000;0.00000
49;1;0.02165;0.97835;0.00000;0.00000;0.00000;0.00000;0.00000
49;2;0.00000;0.00000;0.00000;0.00000;0.00000;0.00000;0.00000
49;3;0.00000;0.00000;0.00000;0.00000;0.00000;0.00000;0.00000
49;4;0.00000;0.00000;0.00000;0.00000;0.00000;0.00000;0.00000
49;5;0.00000;0.00000;0.00000;0.00000;0.00000;0.00000;0.00000
49;6;0.00000;0.00000;0.00000;0.00000;0.00000;0.00000;0.00000
50;0;0.91203;0.08797;0.00000;0.00000;0.00000;0.00000;0.00000
50;1;0.04110;0.95890;0.00000;0.00000;0.00000;0.00000;0.00000
50;2;0.00000;0.00000;0.00000;0.00000;0.00000;0.00000;0.00000
50;3;0.00000;0.00000;0.00000;0.00000;0.00000;0.00000;0.00000
50;4;0.00000;0.00000;0.00000;0.00000;0.00000;0.00000;0.00000
50;5;0.00000;0.00000;0.00000;0.00000;0.00000;0.00000;0.00000
50;6;0.00000;0.00000;0.00000;0.00000;0.00000;0.00000;0.00000
51;0;0.89554;0.10446;0.00000;0.00000;0.00000;0.00000;0.00000
51;1;0.03887;0.96113;0.00000;0.00000;0.00000;0.00000;0.00000
51;2;0.00000;0.00000;0.00000;0.00000;0.00000;0.00000;0.00000
51;3;0.00000;0.00000;0.00000;0.00000;0.00000;0.00000;0.00000
51;4;0.00000;0.00000;0.00000;0.00000;0.00000;0.00000;0.00000
51;5;0.00000;0.00000;0.00000;0.00000;0.00000;0.00000;0.00000
51;6;0.00000;0.00000;0.00000;0.00000;0.00000;0.00000;0.00000
52;0;0.93719;0.06281;0.00000;0.00000;0.00000;0.00000;0.00000
52;1;0.04530;0.95470;0.00000;0.00000;0.00000;0.00000;0.00000
52;2;0.00000;0.00000;0.00000;0.00000;0.00000;0.00000;0.00000
52;3;0.00000;0.00000;0.00000;0.00000;0.00000;0.00000;0.00000
52;4;0.00000;0.00000;0.00000;0.00000;0.00000;0.00000;0.00000
52;5;0.00000;0.00000;0.00000;0.00000;0.00000;0.00000;0.00000
52;6;0.00000;0.00000;0.00000;0.00000;0.00000;0.00000;0.00000
53;0;0.91868;0.08132;0.00000;0.00000;0.00000;0.00000;0.00000
53;1;0.03939;0.96061;0.00000;0.00000;0.00000;0.00000;0.00000
53;2;0.00000;0.00000;0.00000;0.00000;0.00000;0.00000;0.00000
53;3;0.00000;0.00000;0.00000;0.00000;0.00000;0.00000;0.00000
53;4;0.00000;0.00000;0.00000;0.00000;0.00000;0.00000;0.00000
53;5;0.00000;0.00000;0.00000;0.00000;0.00000;0.00000;0.00000
53;6;0.00000;0.00000;0.00000;0.00000;0.00000;0.00000;0.00000
54;0;0.86561;0.13439;0.00000;0.00000;0.00000;0.00000;0.00000
54;1;0.06369;0.93631;0.00000;0.00000;0.00000;0.00000;0.00000
54;2;0.00000;0.00000;0.00000;0.00000;0.00000;0.00000;0.00000
54;3;0.00000;0.00000;0.00000;0.00000;0.00000;0.00000;0.00000
54;4;0.00000;0.00000;0.00000;0.00000;0.00000;0.00000;0.00000
54;5;0.00000;0.00000;0.00000;0.00000;0.00000;0.00000;0.00000
54;6;0.00000;0.00000;0.00000;0.00000;0.00000;0.00000;0.00000
55;0;0.92190;0.07810;0.00000;0.00000;0.00000;0.00000;0.00000
55;1;0.04065;0.95935;0.00000;0.00000;0.00000;0.00000;0.00000
55;2;0.00000;0.00000;0.00000;0.00000;0.00000;0.00000;0.00000
55;3;0.00000;0.00000;0.00000;0.00000;0.00000;0.00000;0.00000
55;4;0.00000;0.00000;0.00000;0.00000;0.00000;0.00000;0.00000
55;5;0.00000;0.00000;0.00000;0.00000;0.00000;0.00000;0.00000
55;6;0.00000;0.00000;0.00000;0.00000;0.00000;0.00000;0.00000
56;0;0.94579;0.05421;0.00000;0.00000;0.00000;0.00000;0.00000
56;1;0.04600;0.95400;0.00000;0.00000;0.00000;0.00000;0.00000
56;2;0.00000;0.00000;0.00000;0.00000;0.00000;0.00000;0.00000
56;3;0.00000;0.00000;0.00000;0.00000;0.00000;0.00000;0.00000
56;4;0.00000;0.00000;0.00000;0.00000;0.00000;0.00000;0.00000
56;5;0.00000;0.00000;0.00000;0.00000;0.00000;0.00000;0.00000
56;6;0.00000;0.00000;0.00000;0.00000;0.00000;0.00000;0.00000
57;0;0.91961;0.08039;0.00000;0.00000;0.00000;0.00000;0.00000
57;1;0.04435;0.95565;0.00000;0.00000;0.00000;0.00000;0.00000
57;2;0.00000;0.00000;0.00000;0.00000;0.00000;0.00000;0.00000
57;3;0.00000;0.00000;0.00000;0.00000;0.00000;0.00000;0.00000
57;4;0.00000;0.00000;0.00000;0.00000;0.00000;0.00000;0.00000
57;5;0.00000;0.00000;0.00000;0.00000;0.00000;0.00000;0.00000
57;6;0.00000;0.00000;0.00000;0.00000;0.00000;0.00000;0.00000
58;0;0.95546;0.04454;0.00000;0.00000;0.00000;0.00000;0.00000
58;1;0.04876;0.95124;0.00000;0.00000;0.00000;0.00000;0.00000
58;2;0.00000;0.00000;0.00000;0.00000;0.00000;0.00000;0.00000
58;3;0.00000;0.00000;0.00000;0.00000;0.00000;0.00000;0.00000
58;4;0.00000;0.00000;0.00000;0.00000;0.00000;0.00000;0.00000
58;5;0.00000;0.00000;0.00000;0.00000;0.00000;0.00000;0.00000
58;6;0.00000;0.00000;0.00000;0.00000;0.00000;0.00000;0.00000
59;0;0.94818;0.05182;0.00000;0.00000;0.00000;0.00000;0.00000
59;1;0.04458;0.95542;0.00000;0.00000;0.00000;0.00000;0.00000
59;2;0.00000;0.00000;0.00000;0.00000;0.00000;0.00000;0.00000
59;3;0.00000;0.00000;0.00000;0.00000;0.00000;0.00000;0.00000
59;4;0.00000;0.00000;0.00000;0.00000;0.00000;0.00000;0.00000
59;5;0.00000;0.00000;0.00000;0.00000;0.00000;0.00000;0.00000
59;6;0.00000;0.00000;0.00000;0.00000;0.00000;0.00000;0.00000
60;0;0.85714;0.14286;0.00000;0.00000;0.00000;0.00000;0.00000
60;1;0.12449;0.87551;0.00000;0.00000;0.00000;0.00000;0.00000
60;2;0.00000;0.00000;0.00000;0.00000;0.00000;0.00000;0.00000
60;3;0.00000;0.00000;0.00000;0.00000;0.00000;0.00000;0.00000
60;4;0.00000;0.00000;0.00000;0.00000;0.00000;0.00000;0.00000
60;5;0.00000;0.00000;0.00000;0.00000;0.00000;0.00000;0.00000
60;6;0.00000;0.00000;0.00000;0.00000;0.00000;0.00000;0.00000
61;0;0.96351;0.03649;0.00000;0.00000;0.00000;0.00000;0.00000
61;1;0.03122;0.96878;0.00000;0.00000;0.00000;0.00000;0.00000
61;2;0.00000;0.00000;0.00000;0.00000;0.00000;0.00000;0.00000
61;3;0.00000;0.00000;0.00000;0.00000;0.00000;0.00000;0.00000
61;4;0.00000;0.00000;0.00000;0.00000;0.00000;0.00000;0.00000
61;5;0.00000;0.00000;0.00000;0.00000;0.00000;0.00000;0.00000
61;6;0.00000;0.00000;0.00000;0.00000;0.00000;0.00000;0.00000
62;0;0.96635;0.03365;0.00000;0.00000;0.00000;0.00000;0.00000
62;1;0.04802;0.95198;0.00000;0.00000;0.00000;0.00000;0.00000
62;2;0.00000;0.00000;0.00000;0.00000;0.00000;0.00000;0.00000
62;3;0.00000;0.00000;0.00000;0.00000;0.00000;0.00000;0.00000
62;4;0.00000;0.00000;0.00000;0.00000;0.00000;0.00000;0.00000
62;5;0.00000;0.00000;0.00000;0.00000;0.00000;0.00000;0.00000
62;6;0.00000;0.00000;0.00000;0.00000;0.00000;0.00000;0.00000
63;0;0.93979;0.06021;0.00000;0.00000;0.00000;0.00000;0.00000
63;1;0.04482;0.95518;0.00000;0.00000;0.00000;0.00000;0.00000
63;2;0.00000;0.00000;0.00000;0.00000;0.00000;0.00000;0.00000
63;3;0.00000;0.00000;0.00000;0.00000;0.00000;0.00000;0.00000
63;4;0.00000;0.00000;0.00000;0.00000;0.00000;0.00000;0.00000
63;5;0.00000;0.00000;0.00000;0.00000;0.00000;0.00000;0.00000
63;6;0.00000;0.00000;0.00000;0.00000;0.00000;0.00000;0.00000
64;0;0.95263;0.04737;0.00000;0.00000;0.00000;0.00000;0.00000
64;1;0.04995;0.95005;0.00000;0.00000;0.00000;0.00000;0.00000
64;2;0.00000;0.00000;0.00000;0.00000;0.00000;0.00000;0.00000
64;3;0.00000;0.00000;0.00000;0.00000;0.00000;0.00000;0.00000
64;4;0.00000;0.00000;0.00000;0.00000;0.00000;0.00000;0.00000
64;5;0.00000;0.00000;0.00000;0.00000;0.00000;0.00000;0.00000
64;6;0.00000;0.00000;0.00000;0.00000;0.00000;0.00000;0.00000
65;0;0.95201;0.04799;0.00000;0.00000;0.00000;0.00000;0.00000
65;1;0.04624;0.95376;0.00000;0.00000;0.00000;0.00000;0.00000
65;2;0.00000;0.00000;0.00000;0.00000;0.00000;0.00000;0.00000
65;3;0.00000;0.00000;0.00000;0.00000;0.00000;0.00000;0.00000
65;4;0.00000;0.00000;0.00000;0.00000;0.00000;0.00000;0.00000
65;5;0.00000;0.00000;0.00000;0.00000;0.00000;0.00000;0.00000
65;6;0.00000;0.00000;0.00000;0.00000;0.00000;0.00000;0.00000
66;0;0.93436;0.06564;0.00000;0.00000;0.00000;0.00000;0.00000
66;1;0.05519;0.94481;0.00000;0.00000;0.00000;0.00000;0.00000
66;2;0.00000;0.00000;0.00000;0.00000;0.00000;0.00000;0.00000
66;3;0.00000;0.00000;0.00000;0.00000;0.00000;0.00000;0.00000
66;4;0.00000;0.00000;0.00000;0.00000;0.00000;0.00000;0.00000
66;5;0.00000;0.00000;0.00000;0.00000;0.00000;0.00000;0.00000
66;6;0.00000;0.00000;0.00000;0.00000;0.00000;0.00000;0.00000
67;0;0.96525;0.03475;0.00000;0.00000;0.00000;0.00000;0.00000
67;1;0.04113;0.95887;0.00000;0.00000;0.00000;0.00000;0.00000
67;2;0.00000;0.00000;0.00000;0.00000;0.00000;0.00000;0.00000
67;3;0.00000;0.00000;0.00000;0.00000;0.00000;0.00000;0.00000
67;4;0.00000;0.00000;0.00000;0.00000;0.00000;0.00000;0.00000
67;5;0.00000;0.00000;0.00000;0.00000;0.00000;0.00000;0.00000
67;6;0.00000;0.00000;0.00000;0.00000;0.00000;0.00000;0.00000
68;0;0.95812;0.04188;0.00000;0.00000;0.00000;0.00000;0.00000
68;1;0.04381;0.95619;0.00000;0.00000;0.00000;0.00000;0.00000
68;2;0.00000;0.00000;0.00000;0.00000;0.00000;0.00000;0.00000
68;3;0.00000;0.00000;0.00000;0.00000;0.00000;0.00000;0.00000
68;4;0.00000;0.00000;0.00000;0.00000;0.00000;0.00000;0.00000
68;5;0.00000;0.00000;0.00000;0.00000;0.00000;0.00000;0.00000
68;6;0.00000;0.00000;0.00000;0.00000;0.00000;0.00000;0.00000
69;0;0.94591;0.05409;0.00000;0.00000;0.00000;0.00000;0.00000
69;1;0.05519;0.94481;0.00000;0.00000;0.00000;0.00000;0.00000
69;2;0.00000;0.00000;0.00000;0.00000;0.00000;0.00000;0.00000
69;3;0.00000;0.00000;0.00000;0.00000;0.00000;0.00000;0.00000
69;4;0.00000;0.00000;0.00000;0.00000;0.00000;0.00000;0.00000
69;5;0.00000;0.00000;0.00000;0.00000;0.00000;0.00000;0.00000
69;6;0.00000;0.00000;0.00000;0.00000;0.00000;0.00000;0.00000
70;0;0.97631;0.02369;0.00000;0.00000;0.00000;0.00000;0.00000
70;1;0.04004;0.95996;0.00000;0.00000;0.00000;0.00000;0.00000
70;2;0.00000;0.00000;0.00000;0.00000;0.00000;0.00000;0.00000
70;3;0.00000;0.00000;0.00000;0.00000;0.00000;0.00000;0.00000
70;4;0.00000;0.00000;0.00000;0.00000;0.00000;0.00000;0.00000
70;5;0.00000;0.00000;0.00000;0.00000;0.00000;0.00000;0.00000
70;6;0.00000;0.00000;0.00000;0.00000;0.00000;0.00000;0.00000
71;0;0.95849;0.04151;0.00000;0.00000;0.00000;0.00000;0.00000
71;1;0.03741;0.96259;0.00000;0.00000;0.00000;0.00000;0.00000
71;2;0.00000;0.00000;0.00000;0.00000;0.00000;0.00000;0.00000
71;3;0.00000;0.00000;0.00000;0.00000;0.00000;0.00000;0.00000
71;4;0.00000;0.00000;0.00000;0.00000;0.00000;0.00000;0.00000
71;5;0.00000;0.00000;0.00000;0.00000;0.00000;0.00000;0.00000
71;6;0.00000;0.00000;0.00000;0.00000;0.00000;0.00000;0.00000
72;0;0.92910;0.07090;0.00000;0.00000;0.00000;0.00000;0.00000
72;1;0.06002;0.93998;0.00000;0.00000;0.00000;0.00000;0.00000
72;2;0.00000;0.00000;0.00000;0.00000;0.00000;0.00000;0.00000
72;3;0.00000;0.00000;0.00000;0.00000;0.00000;0.00000;0.00000
72;4;0.00000;0.00000;0.00000;0.00000;0.00000;0.00000;0.00000
72;5;0.00000;0.00000;0.00000;0.00000;0.00000;0.00000;0.00000
72;6;0.00000;0.00000;0.00000;0.00000;0.00000;0.00000;0.00000
73;0;0.94342;0.05658;0.00000;0.00000;0.00000;0.00000;0.00000
73;1;0.03041;0.96959;0.00000;0.00000;0.00000;0.00000;0.00000
73;2;0.00000;0.00000;0.00000;0.00000;0.00000;0.00000;0.00000
73;3;0.00000;0.00000;0.00000;0.00000;0.00000;0.00000;0.00000
73;4;0.00000;0.00000;0.00000;0.00000;0.00000;0.00000;0.00000
73;5;0.00000;0.00000;0.00000;0.00000;0.00000;0.00000;0.00000
73;6;0.00000;0.00000;0.00000;0.00000;0.00000;0.00000;0.00000
74;0;0.95970;0.04030;0.00000;0.00000;0.00000;0.00000;0.00000
74;1;0.04300;0.95700;0.00000;0.00000;0.00000;0.00000;0.00000
74;2;0.00000;0.00000;0.00000;0.00000;0.00000;0.00000;0.00000
74;3;0.00000;0.00000;0.00000;0.00000;0.00000;0.00000;0.00000
74;4;0.00000;0.00000;0.00000;0.00000;0.00000;0.00000;0.00000
74;5;0.00000;0.00000;0.00000;0.00000;0.00000;0.00000;0.00000
74;6;0.00000;0.00000;0.00000;0.00000;0.00000;0.00000;0.00000
75;0;0.93633;0.06367;0.00000;0.00000;0.00000;0.00000;0.00000
75;1;0.04667;0.95333;0.00000;0.00000;0.00000;0.00000;0.00000
75;2;0.00000;0.00000;0.00000;0.00000;0.00000;0.00000;0.00000
75;3;0.00000;0.00000;0.00000;0.00000;0.00000;0.00000;0.00000
75;4;0.00000;0.00000;0.00000;0.00000;0.00000;0.00000;0.00000
75;5;0.00000;0.00000;0.00000;0.00000;0.00000;0.00000;0.00000
75;6;0.00000;0.00000;0.00000;0.00000;0.00000;0.00000;0.00000
76;0;0.95581;0.04419;0.00000;0.00000;0.00000;0.00000;0.00000
76;1;0.03520;0.96480;0.00000;0.00000;0.00000;0.00000;0.00000
76;2;0.00000;0.00000;0.00000;0.00000;0.00000;0.00000;0.00000
76;3;0.00000;0.00000;0.00000;0.00000;0.00000;0.00000;0.00000
76;4;0.00000;0.00000;0.00000;0.00000;0.00000;0.00000;0.00000
76;5;0.00000;0.00000;0.00000;0.00000;0.00000;0.00000;0.00000
76;6;0.00000;0.00000;0.00000;0.00000;0.00000;0.00000;0.00000
77;0;0.95817;0.04183;0.00000;0.00000;0.00000;0.00000;0.00000
77;1;0.03618;0.96382;0.00000;0.00000;0.00000;0.00000;0.00000
77;2;0.00000;0.00000;0.00000;0.00000;0.00000;0.00000;0.00000
77;3;0.00000;0.00000;0.00000;0.00000;0.00000;0.00000;0.00000
77;4;0.00000;0.00000;0.00000;0.00000;0.00000;0.00000;0.00000
77;5;0.00000;0.00000;0.00000;0.00000;0.00000;0.00000;0.00000
77;6;0.00000;0.00000;0.00000;0.00000;0.00000;0.00000;0.00000
78;0;0.92649;0.07351;0.00000;0.00000;0.00000;0.00000;0.00000
78;1;0.07456;0.92544;0.00000;0.00000;0.00000;0.00000;0.00000
78;2;0.00000;0.00000;0.00000;0.00000;0.00000;0.00000;0.00000
78;3;0.00000;0.00000;0.00000;0.00000;0.00000;0.00000;0.00000
78;4;0.00000;0.00000;0.00000;0.00000;0.00000;0.00000;0.00000
78;5;0.00000;0.00000;0.00000;0.00000;0.00000;0.00000;0.00000
78;6;0.00000;0.00000;0.00000;0.00000;0.00000;0.00000;0.00000
79;0;0.96746;0.03254;0.00000;0.00000;0.00000;0.00000;0.00000
79;1;0.03437;0.96563;0.00000;0.00000;0.00000;0.00000;0.00000
79;2;0.00000;0.00000;0.00000;0.00000;0.00000;0.00000;0.00000
79;3;0.00000;0.00000;0.00000;0.00000;0.00000;0.00000;0.00000
79;4;0.00000;0.00000;0.00000;0.00000;0.00000;0.00000;0.00000
79;5;0.00000;0.00000;0.00000;0.00000;0.00000;0.00000;0.00000
79;6;0.00000;0.00000;0.00000;0.00000;0.00000;0.00000;0.00000
80;0;0.96766;0.03234;0.00000;0.00000;0.00000;0.00000;0.00000
80;1;0.03567;0.96433;0.00000;0.00000;0.00000;0.00000;0.00000
80;2;0.00000;0.00000;0.00000;0.00000;0.00000;0.00000;0.00000
80;3;0.00000;0.00000;0.00000;0.00000;0.00000;0.00000;0.00000
80;4;0.00000;0.00000;0.00000;0.00000;0.00000;0.00000;0.00000
80;5;0.00000;0.00000;0.00000;0.00000;0.00000;0.00000;0.00000
80;6;0.00000;0.00000;0.00000;0.00000;0.00000;0.00000;0.00000
81;0;0.95802;0.04198;0.00000;0.00000;0.00000;0.00000;0.00000
81;1;0.05387;0.94613;0.00000;0.00000;0.00000;0.00000;0.00000
81;2;0.00000;0.00000;0.00000;0.00000;0.00000;0.00000;0.00000
81;3;0.00000;0.00000;0.00000;0.00000;0.00000;0.00000;0.00000
81;4;0.00000;0.00000;0.00000;0.00000;0.00000;0.00000;0.00000
81;5;0.00000;0.00000;0.00000;0.00000;0.00000;0.00000;0.00000
81;6;0.00000;0.00000;0.00000;0.00000;0.00000;0.00000;0.00000
82;0;0.97816;0.02184;0.00000;0.00000;0.00000;0.00000;0.00000
82;1;0.03877;0.96123;0.00000;0.00000;0.00000;0.00000;0.00000
82;2;0.00000;0.00000;0.00000;0.00000;0.00000;0.00000;0.00000
82;3;0.00000;0.00000;0.00000;0.00000;0.00000;0.00000;0.00000
82;4;0.00000;0.00000;0.00000;0.00000;0.00000;0.00000;0.00000
82;5;0.00000;0.00000;0.00000;0.00000;0.00000;0.00000;0.00000
82;6;0.00000;0.00000;0.00000;0.00000;0.00000;0.00000;0.00000
83;0;0.96429;0.03571;0.00000;0.00000;0.00000;0.00000;0.00000
83;1;0.04530;0.95470;0.00000;0.00000;0.00000;0.00000;0.00000
83;2;0.00000;0.00000;0.00000;0.00000;0.00000;0.00000;0.00000
83;3;0.00000;0.00000;0.00000;0.00000;0.00000;0.00000;0.00000
83;4;0.00000;0.00000;0.00000;0.00000;0.00000;0.00000;0.00000
83;5;0.00000;0.00000;0.00000;0.00000;0.00000;0.00000;0.00000
83;6;0.00000;0.00000;0.00000;0.00000;0.00000;0.00000;0.00000
84;0;0.93993;0.06007;0.00000;0.00000;0.00000;0.00000;0.00000
84;1;0.07042;0.92958;0.00000;0.00000;0.00000;0.00000;0.00000
84;2;0.00000;0.00000;0.00000;0.00000;0.00000;0.00000;0.00000
84;3;0.00000;0.00000;0.00000;0.00000;0.00000;0.00000;0.00000
84;4;0.00000;0.00000;0.00000;0.00000;0.00000;0.00000;0.00000
84;5;0.00000;0.00000;0.00000;0.00000;0.00000;0.00000;0.00000
84;6;0.00000;0.00000;0.00000;0.00000;0.00000;0.00000;0.00000
85;0;0.96620;0.03380;0.00000;0.00000;0.00000;0.00000;0.00000
85;1;0.03559;0.96441;0.00000;0.00000;0.00000;0.00000;0.00000
85;2;0.00000;0.00000;0.00000;0.00000;0.00000;0.00000;0.00000
85;3;0.00000;0.00000;0.00000;0.00000;0.00000;0.00000;0.00000
85;4;0.00000;0.00000;0.00000;0.00000;0.00000;0.00000;0.00000
85;5;0.00000;0.00000;0.00000;0.00000;0.00000;0.00000;0.00000
85;6;0.00000;0.00000;0.00000;0.00000;0.00000;0.00000;0.00000
86;0;0.96740;0.03260;0.00000;0.00000;0.00000;0.00000;0.00000
86;1;0.04038;0.95962;0.00000;0.00000;0.00000;0.00000;0.00000
86;2;0.00000;0.00000;0.00000;0.00000;0.00000;0.00000;0.00000
86;3;0.00000;0.00000;0.00000;0.00000;0.00000;0.00000;0.00000
86;4;0.00000;0.00000;0.00000;0.00000;0.00000;0.00000;0.00000
86;5;0.00000;0.00000;0.00000;0.00000;0.00000;0.00000;0.00000
86;6;0.00000;0.00000;0.00000;0.00000;0.00000;0.00000;0.00000
87;0;0.95838;0.04162;0.00000;0.00000;0.00000;0.00000;0.00000
87;1;0.05622;0.94378;0.00000;0.00000;0.00000;0.00000;0.00000
87;2;0.00000;0.00000;0.00000;0.00000;0.00000;0.00000;0.00000
87;3;0.00000;0.00000;0.00000;0.00000;0.00000;0.00000;0.00000
87;4;0.00000;0.00000;0.00000;0.00000;0.00000;0.00000;0.00000
87;5;0.00000;0.00000;0.00000;0.00000;0.00000;0.00000;0.00000
87;6;0.00000;0.00000;0.00000;0.00000;0.00000;0.00000;0.00000
88;0;0.97032;0.02968;0.00000;0.00000;0.00000;0.00000;0.00000
88;1;0.02303;0.97697;0.00000;0.00000;0.00000;0.00000;0.00000
88;2;0.00000;0.00000;0.00000;0.00000;0.00000;0.00000;0.00000
88;3;0.00000;0.00000;0.00000;0.00000;0.00000;0.00000;0.00000
88;4;0.00000;0.00000;0.00000;0.00000;0.00000;0.00000;0.00000
88;5;0.00000;0.00000;0.00000;0.00000;0.00000;0.00000;0.00000
88;6;0.00000;0.00000;0.00000;0.00000;0.00000;0.00000;0.00000
89;0;0.96203;0.03797;0.00000;0.00000;0.00000;0.00000;0.00000
89;1;0.04688;0.95313;0.00000;0.00000;0.00000;0.00000;0.00000
89;2;0.00000;0.00000;0.00000;0.00000;0.00000;0.00000;0.00000
89;3;0.00000;0.00000;0.00000;0.00000;0.00000;0.00000;0.00000
89;4;0.00000;0.00000;0.00000;0.00000;0.00000;0.00000;0.00000
89;5;0.00000;0.00000;0.00000;0.00000;0.00000;0.00000;0.00000
89;6;0.00000;0.00000;0.00000;0.00000;0.00000;0.00000;0.00000
90;0;0.94743;0.05257;0.00000;0.00000;0.00000;0.00000;0.00000
90;1;0.05690;0.94310;0.00000;0.00000;0.00000;0.00000;0.00000
90;2;0.00000;0.00000;0.00000;0.00000;0.00000;0.00000;0.00000
90;3;0.00000;0.00000;0.00000;0.00000;0.00000;0.00000;0.00000
90;4;0.00000;0.00000;0.00000;0.00000;0.00000;0.00000;0.00000
90;5;0.00000;0.00000;0.00000;0.00000;0.00000;0.00000;0.00000
90;6;0.00000;0.00000;0.00000;0.00000;0.00000;0.00000;0.00000
91;0;0.95890;0.04110;0.00000;0.00000;0.00000;0.00000;0.00000
91;1;0.03394;0.96606;0.00000;0.00000;0.00000;0.00000;0.00000
91;2;0.00000;0.00000;0.00000;0.00000;0.00000;0.00000;0.00000
91;3;0.00000;0.00000;0.00000;0.00000;0.00000;0.00000;0.00000
91;4;0.00000;0.00000;0.00000;0.00000;0.00000;0.00000;0.00000
91;5;0.00000;0.00000;0.00000;0.00000;0.00000;0.00000;0.00000
91;6;0.00000;0.00000;0.00000;0.00000;0.00000;0.00000;0.00000
92;0;0.96198;0.03802;0.00000;0.00000;0.00000;0.00000;0.00000
92;1;0.04322;0.95678;0.00000;0.00000;0.00000;0.00000;0.00000
92;2;0.00000;0.00000;0.00000;0.00000;0.00000;0.00000;0.00000
92;3;0.00000;0.00000;0.00000;0.00000;0.00000;0.00000;0.00000
92;4;0.00000;0.00000;0.00000;0.00000;0.00000;0.00000;0.00000
92;5;0.00000;0.00000;0.00000;0.00000;0.00000;0.00000;0.00000
92;6;0.00000;0.00000;0.00000;0.00000;0.00000;0.00000;0.00000
93;0;0.94948;0.05052;0.00000;0.00000;0.00000;0.00000;0.00000
93;1;0.02892;0.97108;0.00000;0.00000;0.00000;0.00000;0.00000
93;2;0.00000;0.00000;0.00000;0.00000;0.00000;0.00000;0.00000
93;3;0.00000;0.00000;0.00000;0.00000;0.00000;0.00000;0.00000
93;4;0.00000;0.00000;0.00000;0.00000;0.00000;0.00000;0.00000
93;5;0.00000;0.00000;0.00000;0.00000;0.00000;0.00000;0.00000
93;6;0.00000;0.00000;0.00000;0.00000;0.00000;0.00000;0.00000
94;0;0.97062;0.02938;0.00000;0.00000;0.00000;0.00000;0.00000
94;1;0.02118;0.97882;0.00000;0.00000;0.00000;0.00000;0.00000
94;2;0.00000;0.00000;0.00000;0.00000;0.00000;0.00000;0.00000
94;3;0.00000;0.00000;0.00000;0.00000;0.00000;0.00000;0.00000
94;4;0.00000;0.00000;0.00000;0.00000;0.00000;0.00000;0.00000
94;5;0.00000;0.00000;0.00000;0.00000;0.00000;0.00000;0.00000
94;6;0.00000;0.00000;0.00000;0.00000;0.00000;0.00000;0.00000
95;0;0.96445;0.03555;0.00000;0.00000;0.00000;0.00000;0.00000
95;1;0.02567;0.97433;0.00000;0.00000;0.00000;0.00000;0.00000
95;2;0.00000;0.00000;0.00000;0.00000;0.00000;0.00000;0.00000
95;3;0.00000;0.00000;0.00000;0.00000;0.00000;0.00000;0.00000
95;4;0.00000;0.00000;0.00000;0.00000;0.00000;0.00000;0.00000
95;5;0.00000;0.00000;0.00000;0.00000;0.00000;0.00000;0.00000
95;6;0.00000;0.00000;0.00000;0.00000;0.00000;0.00000;0.00000
96;0;0.88636;0.11364;0.00000;0.00000;0.00000;0.00000;0.00000
96;1;0.06474;0.93526;0.00000;0.00000;0.00000;0.00000;0.00000
96;2;0.00000;0.00000;0.00000;0.00000;0.00000;0.00000;0.00000
96;3;0.00000;0.00000;0.00000;0.00000;0.00000;0.00000;0.00000
96;4;0.00000;0.00000;0.00000;0.00000;0.00000;0.00000;0.00000
96;5;0.00000;0.00000;0.00000;0.00000;0.00000;0.00000;0.00000
96;6;0.00000;0.00000;0.00000;0.00000;0.00000;0.00000;0.00000
97;0;0.95859;0.04141;0.00000;0.00000;0.00000;0.00000;0.00000
97;1;0.01549;0.98451;0.00000;0.00000;0.00000;0.00000;0.00000
97;2;0.00000;0.00000;0.00000;0.00000;0.00000;0.00000;0.00000
97;3;0.00000;0.00000;0.00000;0.00000;0.00000;0.00000;0.00000
97;4;0.00000;0.00000;0.00000;0.00000;0.00000;0.00000;0.00000
97;5;0.00000;0.00000;0.00000;0.00000;0.00000;0.00000;0.00000
97;6;0.00000;0.00000;0.00000;0.00000;0.00000;0.00000;0.00000
98;0;0.94473;0.05527;0.00000;0.00000;0.00000;0.00000;0.00000
98;1;0.02167;0.97833;0.00000;0.00000;0.00000;0.00000;0.00000
98;2;0.00000;0.00000;0.00000;0.00000;0.00000;0.00000;0.00000
98;3;0.00000;0.00000;0.00000;0.00000;0.00000;0.00000;0.00000
98;4;0.00000;0.00000;0.00000;0.00000;0.00000;0.00000;0.00000
98;5;0.00000;0.00000;0.00000;0.00000;0.00000;0.00000;0.00000
98;6;0.00000;0.00000;0.00000;0.00000;0.00000;0.00000;0.00000
99;0;0.94437;0.05563;0.00000;0.00000;0.00000;0.00000;0.00000
99;1;0.02220;0.97780;0.00000;0.00000;0.00000;0.00000;0.00000
99;2;0.00000;0.00000;0.00000;0.00000;0.00000;0.00000;0.00000
99;3;0.00000;0.00000;0.00000;0.00000;0.00000;0.00000;0.00000
99;4;0.00000;0.00000;0.00000;0.00000;0.00000;0.00000;0.00000
99;5;0.00000;0.00000;0.00000;0.00000;0.00000;0.00000;0.00000
99;6;0.00000;0.00000;0.00000;0.00000;0.00000;0.00000;0.00000
100;0;0.94823;0.05177;0.00000;0.00000;0.00000;0.00000;0.00000
100;1;0.02792;0.97208;0.00000;0.00000;0.00000;0.00000;0.00000
100;2;0.00000;0.00000;0.00000;0.00000;0.00000;0.00000;0.00000
100;3;0.00000;0.00000;0.00000;0.00000;0.00000;0.00000;0.00000
100;4;0.00000;0.00000;0.00000;0.00000;0.00000;0.00000;0.00000
100;5;0.00000;0.00000;0.00000;0.00000;0.00000;0.00000;0.00000
100;6;0.00000;0.00000;0.00000;0.00000;0.00000;0.00000;0.00000
101;0;0.95574;0.04426;0.00000;0.00000;0.00000;0.00000;0.00000
101;1;0.02658;0.97342;0.00000;0.00000;0.00000;0.00000;0.00000
101;2;0.00000;0.00000;0.00000;0.00000;0.00000;0.00000;0.00000
101;3;0.00000;0.00000;0.00000;0.00000;0.00000;0.00000;0.00000
101;4;0.00000;0.00000;0.00000;0.00000;0.00000;0.00000;0.00000
101;5;0.00000;0.00000;0.00000;0.00000;0.00000;0.00000;0.00000
101;6;0.00000;0.00000;0.00000;0.00000;0.00000;0.00000;0.00000
102;0;0.89679;0.10321;0.00000;0.00000;0.00000;0.00000;0.00000
102;1;0.02236;0.97764;0.00000;0.00000;0.00000;0.00000;0.00000
102;2;0.00000;0.00000;0.00000;0.00000;0.00000;0.00000;0.00000
102;3;0.00000;0.00000;0.00000;0.00000;0.00000;0.00000;0.00000
102;4;0.00000;0.00000;0.00000;0.00000;0.00000;0.00000;0.00000
102;5;0.00000;0.00000;0.00000;0.00000;0.00000;0.00000;0.00000
102;6;0.00000;0.00000;0.00000;0.00000;0.00000;0.00000;0.00000
103;0;0.92932;0.07068;0.00000;0.00000;0.00000;0.00000;0.00000
103;1;0.01255;0.98745;0.00000;0.00000;0.00000;0.00000;0.00000
103;2;0.00000;0.00000;0.00000;0.00000;0.00000;0.00000;0.00000
103;3;0.00000;0.00000;0.00000;0.00000;0.00000;0.00000;0.00000
103;4;0.00000;0.00000;0.00000;0.00000;0.00000;0.00000;0.00000
103;5;0.00000;0.00000;0.00000;0.00000;0.00000;0.00000;0.00000
103;6;0.00000;0.00000;0.00000;0.00000;0.00000;0.00000;0.00000
104;0;0.92868;0.07132;0.00000;0.00000;0.00000;0.00000;0.00000
104;1;0.01682;0.98318;0.00000;0.00000;0.00000;0.00000;0.00000
104;2;0.00000;0.00000;0.00000;0.00000;0.00000;0.00000;0.00000
104;3;0.00000;0.00000;0.00000;0.00000;0.00000;0.00000;0.00000
104;4;0.00000;0.00000;0.00000;0.00000;0.00000;0.00000;0.00000
104;5;0.00000;0.00000;0.00000;0.00000;0.00000;0.00000;0.00000
104;6;0.00000;0.00000;0.00000;0.00000;0.00000;0.00000;0.00000
105;0;0.93709;0.06291;0.00000;0.00000;0.00000;0.00000;0.00000
105;1;0.02188;0.97812;0.00000;0.00000;0.00000;0.00000;0.00000
105;2;0.00000;0.00000;0.00000;0.00000;0.00000;0.00000;0.00000
105;3;0.00000;0.00000;0.00000;0.00000;0.00000;0.00000;0.00000
105;4;0.00000;0.00000;0.00000;0.00000;0.00000;0.00000;0.00000
105;5;0.00000;0.00000;0.00000;0.00000;0.00000;0.00000;0.00000
105;6;0.00000;0.00000;0.00000;0.00000;0.00000;0.00000;0.00000
106;0;0.94746;0.05254;0.00000;0.00000;0.00000;0.00000;0.00000
106;1;0.02160;0.97840;0.00000;0.00000;0.00000;0.00000;0.00000
106;2;0.00000;0.00000;0.00000;0.00000;0.00000;0.00000;0.00000
106;3;0.00000;0.00000;0.00000;0.00000;0.00000;0.00000;0.00000
106;4;0.00000;0.00000;0.00000;0.00000;0.00000;0.00000;0.00000
106;5;0.00000;0.00000;0.00000;0.00000;0.00000;0.00000;0.00000
106;6;0.00000;0.00000;0.00000;0.00000;0.00000;0.00000;0.00000
107;0;0.94683;0.05317;0.00000;0.00000;0.00000;0.00000;0.00000
107;1;0.00984;0.99016;0.00000;0.00000;0.00000;0.00000;0.00000
107;2;0.00000;0.00000;0.00000;0.00000;0.00000;0.00000;0.00000
107;3;0.00000;0.00000;0.00000;0.00000;0.00000;0.00000;0.00000
107;4;0.00000;0.00000;0.00000;0.00000;0.00000;0.00000;0.00000
107;5;0.00000;0.00000;0.00000;0.00000;0.00000;0.00000;0.00000
107;6;0.00000;0.00000;0.00000;0.00000;0.00000;0.00000;0.00000
108;0;0.92007;0.07993;0.00000;0.00000;0.00000;0.00000;0.00000
108;1;0.02812;0.97188;0.00000;0.00000;0.00000;0.00000;0.00000
108;2;0.00000;0.00000;0.00000;0.00000;0.00000;0.00000;0.00000
108;3;0.00000;0.00000;0.00000;0.00000;0.00000;0.00000;0.00000
108;4;0.00000;0.00000;0.00000;0.00000;0.00000;0.00000;0.00000
108;5;0.00000;0.00000;0.00000;0.00000;0.00000;0.00000;0.00000
108;6;0.00000;0.00000;0.00000;0.00000;0.00000;0.00000;0.00000
109;0;0.92364;0.07636;0.00000;0.00000;0.00000;0.00000;0.00000
109;1;0.01825;0.98175;0.00000;0.00000;0.00000;0.00000;0.00000
109;2;0.00000;0.00000;0.00000;0.00000;0.00000;0.00000;0.00000
109;3;0.00000;0.00000;0.00000;0.00000;0.00000;0.00000;0.00000
109;4;0.00000;0.00000;0.00000;0.00000;0.00000;0.00000;0.00000
109;5;0.00000;0.00000;0.00000;0.00000;0.00000;0.00000;0.00000
109;6;0.00000;0.00000;0.00000;0.00000;0.00000;0.00000;0.00000
110;0;0.94707;0.05293;0.00000;0.00000;0.00000;0.00000;0.00000
110;1;0.02048;0.97952;0.00000;0.00000;0.00000;0.00000;0.00000
110;2;0.00000;0.00000;0.00000;0.00000;0.00000;0.00000;0.00000
110;3;0.00000;0.00000;0.00000;0.00000;0.00000;0.00000;0.00000
110;4;0.00000;0.00000;0.00000;0.00000;0.00000;0.00000;0.00000
110;5;0.00000;0.00000;0.00000;0.00000;0.00000;0.00000;0.00000
110;6;0.00000;0.00000;0.00000;0.00000;0.00000;0.00000;0.00000
111;0;0.93524;0.06476;0.00000;0.00000;0.00000;0.00000;0.00000
111;1;0.02296;0.97704;0.00000;0.00000;0.00000;0.00000;0.00000
111;2;0.00000;0.00000;0.00000;0.00000;0.00000;0.00000;0.00000
111;3;0.00000;0.00000;0.00000;0.00000;0.00000;0.00000;0.00000
111;4;0.00000;0.00000;0.00000;0.00000;0.00000;0.00000;0.00000
111;5;0.00000;0.00000;0.00000;0.00000;0.00000;0.00000;0.00000
111;6;0.00000;0.00000;0.00000;0.00000;0.00000;0.00000;0.00000
112;0;0.95367;0.04633;0.00000;0.00000;0.00000;0.00000;0.00000
112;1;0.01522;0.98478;0.00000;0.00000;0.00000;0.00000;0.00000
112;2;0.00000;0.00000;0.00000;0.00000;0.00000;0.00000;0.00000
112;3;0.00000;0.00000;0.00000;0.00000;0.00000;0.00000;0.00000
112;4;0.00000;0.00000;0.00000;0.00000;0.00000;0.00000;0.00000
112;5;0.00000;0.00000;0.00000;0.00000;0.00000;0.00000;0.00000
112;6;0.00000;0.00000;0.00000;0.00000;0.00000;0.00000;0.00000
113;0;0.94922;0.05078;0.00000;0.00000;0.00000;0.00000;0.00000
113;1;0.01766;0.98234;0.00000;0.00000;0.00000;0.00000;0.00000
113;2;0.00000;0.00000;0.00000;0.00000;0.00000;0.00000;0.00000
113;3;0.00000;0.00000;0.00000;0.00000;0.00000;0.00000;0.00000
113;4;0.00000;0.00000;0.00000;0.00000;0.00000;0.00000;0.00000
113;5;0.00000;0.00000;0.00000;0.00000;0.00000;0.00000;0.00000
113;6;0.00000;0.00000;0.00000;0.00000;0.00000;0.00000;0.00000
114;0;0.88560;0.11440;0.00000;0.00000;0.00000;0.00000;0.00000
114;1;0.06114;0.93886;0.00000;0.00000;0.00000;0.00000;0.00000
114;2;0.00000;0.00000;0.00000;0.00000;0.00000;0.00000;0.00000
114;3;0.00000;0.00000;0.00000;0.00000;0.00000;0.00000;0.00000
114;4;0.00000;0.00000;0.00000;0.00000;0.00000;0.00000;0.00000
114;5;0.00000;0.00000;0.00000;0.00000;0.00000;0.00000;0.00000
114;6;0.00000;0.00000;0.00000;0.00000;0.00000;0.00000;0.00000
115;0;0.94636;0.05364;0.00000;0.00000;0.00000;0.00000;0.00000
115;1;0.01187;0.98813;0.00000;0.00000;0.00000;0.00000;0.00000
115;2;0.00000;0.00000;0.00000;0.00000;0.00000;0.00000;0.00000
115;3;0.00000;0.00000;0.00000;0.00000;0.00000;0.00000;0.00000
115;4;0.00000;0.00000;0.00000;0.00000;0.00000;0.00000;0.00000
115;5;0.00000;0.00000;0.00000;0.00000;0.00000;0.00000;0.00000
115;6;0.00000;0.00000;0.00000;0.00000;0.00000;0.00000;0.00000
116;0;0.95276;0.04724;0.00000;0.00000;0.00000;0.00000;0.00000
116;1;0.02179;0.97821;0.00000;0.00000;0.00000;0.00000;0.00000
116;2;0.00000;0.00000;0.00000;0.00000;0.00000;0.00000;0.00000
116;3;0.00000;0.00000;0.00000;0.00000;0.00000;0.00000;0.00000
116;4;0.00000;0.00000;0.00000;0.00000;0.00000;0.00000;0.00000
116;5;0.00000;0.00000;0.00000;0.00000;0.00000;0.00000;0.00000
116;6;0.00000;0.00000;0.00000;0.00000;0.00000;0.00000;0.00000
117;0;0.95294;0.04706;0.00000;0.00000;0.00000;0.00000;0.00000
117;1;0.01763;0.98237;0.00000;0.00000;0.00000;0.00000;0.00000
117;2;0.00000;0.00000;0.00000;0.00000;0.00000;0.00000;0.00000
117;3;0.00000;0.00000;0.00000;0.00000;0.00000;0.00000;0.00000
117;4;0.00000;0.00000;0.00000;0.00000;0.00000;0.00000;0.00000
117;5;0.00000;0.00000;0.00000;0.00000;0.00000;0.00000;0.00000
117;6;0.00000;0.00000;0.00000;0.00000;0.00000;0.00000;0.00000
118;0;0.96450;0.03550;0.00000;0.00000;0.00000;0.00000;0.00000
118;1;0.02094;0.97906;0.00000;0.00000;0.00000;0.00000;0.00000
118;2;0.00000;0.00000;0.00000;0.00000;0.00000;0.00000;0.00000
118;3;0.00000;0.00000;0.00000;0.00000;0.00000;0.00000;0.00000
118;4;0.00000;0.00000;0.00000;0.00000;0.00000;0.00000;0.00000
118;5;0.00000;0.00000;0.00000;0.00000;0.00000;0.00000;0.00000
118;6;0.00000;0.00000;0.00000;0.00000;0.00000;0.00000;0.00000
119;0;0.97276;0.02724;0.00000;0.00000;0.00000;0.00000;0.00000
119;1;0.01769;0.98231;0.00000;0.00000;0.00000;0.00000;0.00000
119;2;0.00000;0.00000;0.00000;0.00000;0.00000;0.00000;0.00000
119;3;0.00000;0.00000;0.00000;0.00000;0.00000;0.00000;0.00000
119;4;0.00000;0.00000;0.00000;0.00000;0.00000;0.00000;0.00000
119;5;0.00000;0.00000;0.00000;0.00000;0.00000;0.00000;0.00000
119;6;0.00000;0.00000;0.00000;0.00000;0.00000;0.00000;0.00000
120;0;0.94050;0.05950;0.00000;0.00000;0.00000;0.00000;0.00000
120;1;0.03220;0.96780;0.00000;0.00000;0.00000;0.00000;0.00000
120;2;0.00000;0.00000;0.00000;0.00000;0.00000;0.00000;0.00000
120;3;0.00000;0.00000;0.00000;0.00000;0.00000;0.00000;0.00000
120;4;0.00000;0.00000;0.00000;0.00000;0.00000;0.00000;0.00000
120;5;0.00000;0.00000;0.00000;0.00000;0.00000;0.00000;0.00000
120;6;0.00000;0.00000;0.00000;0.00000;0.00000;0.00000;0.00000
121;0;0.96402;0.03598;0.00000;0.00000;0.00000;0.00000;0.00000
121;1;0.00938;0.99062;0.00000;0.00000;0.00000;0.00000;0.00000
121;2;0.00000;0.00000;0.00000;0.00000;0.00000;0.00000;0.00000
121;3;0.00000;0.00000;0.00000;0.00000;0.00000;0.00000;0.00000
121;4;0.00000;0.00000;0.00000;0.00000;0.00000;0.00000;0.00000
121;5;0.00000;0.00000;0.00000;0.00000;0.00000;0.00000;0.00000
121;6;0.00000;0.00000;0.00000;0.00000;0.00000;0.00000;0.00000
122;0;0.96923;0.03077;0.00000;0.00000;0.00000;0.00000;0.00000
122;1;0.01355;0.98645;0.00000;0.00000;0.00000;0.00000;0.00000
122;2;0.00000;0.00000;0.00000;0.00000;0.00000;0.00000;0.00000
122;3;0.00000;0.00000;0.00000;0.00000;0.00000;0.00000;0.00000
122;4;0.00000;0.00000;0.00000;0.00000;0.00000;0.00000;0.00000
122;5;0.00000;0.00000;0.00000;0.00000;0.00000;0.00000;0.00000
122;6;0.00000;0.00000;0.00000;0.00000;0.00000;0.00000;0.00000
123;0;0.96346;0.03654;0.00000;0.00000;0.00000;0.00000;0.00000
123;1;0.01101;0.98899;0.00000;0.00000;0.00000;0.00000;0.00000
123;2;0.00000;0.00000;0.00000;0.00000;0.00000;0.00000;0.00000
123;3;0.00000;0.00000;0.00000;0.00000;0.00000;0.00000;0.00000
123;4;0.00000;0.00000;0.00000;0.00000;0.00000;0.00000;0.00000
123;5;0.00000;0.00000;0.00000;0.00000;0.00000;0.00000;0.00000
123;6;0.00000;0.00000;0.00000;0.00000;0.00000;0.00000;0.00000
124;0;0.98249;0.01751;0.00000;0.00000;0.00000;0.00000;0.00000
124;1;0.00927;0.99073;0.00000;0.00000;0.00000;0.00000;0.00000
124;2;0.00000;0.00000;0.00000;0.00000;0.00000;0.00000;0.00000
124;3;0.00000;0.00000;0.00000;0.00000;0.00000;0.00000;0.00000
124;4;0.00000;0.00000;0.00000;0.00000;0.00000;0.00000;0.00000
124;5;0.00000;0.00000;0.00000;0.00000;0.00000;0.00000;0.00000
124;6;0.00000;0.00000;0.00000;0.00000;0.00000;0.00000;0.00000
125;0;0.96899;0.03101;0.00000;0.00000;0.00000;0.00000;0.00000
125;1;0.01772;0.98228;0.00000;0.00000;0.00000;0.00000;0.00000
125;2;0.00000;0.00000;0.00000;0.00000;0.00000;0.00000;0.00000
125;3;0.00000;0.00000;0.00000;0.00000;0.00000;0.00000;0.00000
125;4;0.00000;0.00000;0.00000;0.00000;0.00000;0.00000;0.00000
125;5;0.00000;0.00000;0.00000;0.00000;0.00000;0.00000;0.00000
125;6;0.00000;0.00000;0.00000;0.00000;0.00000;0.00000;0.00000
126;0;0.96737;0.03263;0.00000;0.00000;0.00000;0.00000;0.00000
126;1;0.02627;0.97373;0.00000;0.00000;0.00000;0.00000;0.00000
126;2;0.00000;0.00000;0.00000;0.00000;0.00000;0.00000;0.00000
126;3;0.00000;0.00000;0.00000;0.00000;0.00000;0.00000;0.00000
126;4;0.00000;0.00000;0.00000;0.00000;0.00000;0.00000;0.00000
126;5;0.00000;0.00000;0.00000;0.00000;0.00000;0.00000;0.00000
126;6;0.00000;0.00000;0.00000;0.00000;0.00000;0.00000;0.00000
127;0;0.95701;0.04299;0.00000;0.00000;0.00000;0.00000;0.00000
127;1;0.01458;0.98542;0.00000;0.00000;0.00000;0.00000;0.00000
127;2;0.00000;0.00000;0.00000;0.00000;0.00000;0.00000;0.00000
127;3;0.00000;0.00000;0.00000;0.00000;0.00000;0.00000;0.00000
127;4;0.00000;0.00000;0.00000;0.00000;0.00000;0.00000;0.00000
127;5;0.00000;0.00000;0.00000;0.00000;0.00000;0.00000;0.00000
127;6;0.00000;0.00000;0.00000;0.00000;0.00000;0.00000;0.00000
128;0;0.95841;0.04159;0.00000;0.00000;0.00000;0.00000;0.00000
128;1;0.01877;0.98123;0.00000;0.00000;0.00000;0.00000;0.00000
128;2;0.00000;0.00000;0.00000;0.00000;0.00000;0.00000;0.00000
128;3;0.00000;0.00000;0.00000;0.00000;0.00000;0.00000;0.00000
128;4;0.00000;0.00000;0.00000;0.00000;0.00000;0.00000;0.00000
128;5;0.00000;0.00000;0.00000;0.00000;0.00000;0.00000;0.00000
128;6;0.00000;0.00000;0.00000;0.00000;0.00000;0.00000;0.00000
129;0;0.96219;0.03781;0.00000;0.00000;0.00000;0.00000;0.00000
129;1;0.01706;0.98294;0.00000;0.00000;0.00000;0.00000;0.00000
129;2;0.00000;0.00000;0.00000;0.00000;0.00000;0.00000;0.00000
129;3;0.00000;0.00000;0.00000;0.00000;0.00000;0.00000;0.00000
129;4;0.00000;0.00000;0.00000;0.00000;0.00000;0.00000;0.00000
129;5;0.00000;0.00000;0.00000;0.00000;0.00000;0.00000;0.00000
129;6;0.00000;0.00000;0.00000;0.00000;0.00000;0.00000;0.00000
130;0;0.96219;0.03781;0.00000;0.00000;0.00000;0.00000;0.00000
130;1;0.02474;0.97526;0.00000;0.00000;0.00000;0.00000;0.00000
130;2;0.00000;0.00000;0.00000;0.00000;0.00000;0.00000;0.00000
130;3;0.00000;0.00000;0.00000;0.00000;0.00000;0.00000;0.00000
130;4;0.00000;0.00000;0.00000;0.00000;0.00000;0.00000;0.00000
130;5;0.00000;0.00000;0.00000;0.00000;0.00000;0.00000;0.00000
130;6;0.00000;0.00000;0.00000;0.00000;0.00000;0.00000;0.00000
131;0;0.96468;0.03532;0.00000;0.00000;0.00000;0.00000;0.00000
131;1;0.06277;0.93723;0.00000;0.00000;0.00000;0.00000;0.00000
131;2;0.00000;0.00000;0.00000;0.00000;0.00000;0.00000;0.00000
131;3;0.00000;0.00000;0.00000;0.00000;0.00000;0.00000;0.00000
131;4;0.00000;0.00000;0.00000;0.00000;0.00000;0.00000;0.00000
131;5;0.00000;0.00000;0.00000;0.00000;0.00000;0.00000;0.00000
131;6;0.00000;0.00000;0.00000;0.00000;0.00000;0.00000;0.00000
132;0;0.93750;0.06250;0.00000;0.00000;0.00000;0.00000;0.00000
132;1;0.11181;0.88819;0.00000;0.00000;0.00000;0.00000;0.00000
132;2;0.00000;0.00000;0.00000;0.00000;0.00000;0.00000;0.00000
132;3;0.00000;0.00000;0.00000;0.00000;0.00000;0.00000;0.00000
132;4;0.00000;0.00000;0.00000;0.00000;0.00000;0.00000;0.00000
132;5;0.00000;0.00000;0.00000;0.00000;0.00000;0.00000;0.00000
132;6;0.00000;0.00000;0.00000;0.00000;0.00000;0.00000;0.00000
133;0;0.98233;0.01767;0.00000;0.00000;0.00000;0.00000;0.00000
133;1;0.03816;0.96184;0.00000;0.00000;0.00000;0.00000;0.00000
133;2;0.00000;0.00000;0.00000;0.00000;0.00000;0.00000;0.00000
133;3;0.00000;0.00000;0.00000;0.00000;0.00000;0.00000;0.00000
133;4;0.00000;0.00000;0.00000;0.00000;0.00000;0.00000;0.00000
133;5;0.00000;0.00000;0.00000;0.00000;0.00000;0.00000;0.00000
133;6;0.00000;0.00000;0.00000;0.00000;0.00000;0.00000;0.00000
134;0;0.97875;0.02125;0.00000;0.00000;0.00000;0.00000;0.00000
134;1;0.04322;0.95678;0.00000;0.00000;0.00000;0.00000;0.00000
134;2;0.00000;0.00000;0.00000;0.00000;0.00000;0.00000;0.00000
134;3;0.00000;0.00000;0.00000;0.00000;0.00000;0.00000;0.00000
134;4;0.00000;0.00000;0.00000;0.00000;0.00000;0.00000;0.00000
134;5;0.00000;0.00000;0.00000;0.00000;0.00000;0.00000;0.00000
134;6;0.00000;0.00000;0.00000;0.00000;0.00000;0.00000;0.00000
135;0;0.97411;0.02589;0.00000;0.00000;0.00000;0.00000;0.00000
135;1;0.05895;0.94105;0.00000;0.00000;0.00000;0.00000;0.00000
135;2;0.00000;0.00000;0.00000;0.00000;0.00000;0.00000;0.00000
135;3;0.00000;0.00000;0.00000;0.00000;0.00000;0.00000;0.00000
135;4;0.00000;0.00000;0.00000;0.00000;0.00000;0.00000;0.00000
135;5;0.00000;0.00000;0.00000;0.00000;0.00000;0.00000;0.00000
135;6;0.00000;0.00000;0.00000;0.00000;0.00000;0.00000;0.00000
136;0;0.97798;0.02202;0.00000;0.00000;0.00000;0.00000;0.00000
136;1;0.05813;0.94187;0.00000;0.00000;0.00000;0.00000;0.00000
136;2;0.00000;0.00000;0.00000;0.00000;0.00000;0.00000;0.00000
136;3;0.00000;0.00000;0.00000;0.00000;0.00000;0.00000;0.00000
136;4;0.00000;0.00000;0.00000;0.00000;0.00000;0.00000;0.00000
136;5;0.00000;0.00000;0.00000;0.00000;0.00000;0.00000;0.00000
136;6;0.00000;0.00000;0.00000;0.00000;0.00000;0.00000;0.00000
137;0;0.99258;0.00742;0.00000;0.00000;0.00000;0.00000;0.00000
137;1;0.11323;0.88677;0.00000;0.00000;0.00000;0.00000;0.00000
137;2;0.00000;0.00000;0.00000;0.00000;0.00000;0.00000;0.00000
137;3;0.00000;0.00000;0.00000;0.00000;0.00000;0.00000;0.00000
137;4;0.00000;0.00000;0.00000;0.00000;0.00000;0.00000;0.00000
137;5;0.00000;0.00000;0.00000;0.00000;0.00000;0.00000;0.00000
137;6;0.00000;0.00000;0.00000;0.00000;0.00000;0.00000;0.00000
138;0;0.97788;0.02212;0.00000;0.00000;0.00000;0.00000;0.00000
138;1;0.18570;0.81430;0.00000;0.00000;0.00000;0.00000;0.00000
138;2;0.00000;0.00000;0.00000;0.00000;0.00000;0.00000;0.00000
138;3;0.00000;0.00000;0.00000;0.00000;0.00000;0.00000;0.00000
138;4;0.00000;0.00000;0.00000;0.00000;0.00000;0.00000;0.00000
138;5;0.00000;0.00000;0.00000;0.00000;0.00000;0.00000;0.00000
138;6;0.00000;0.00000;0.00000;0.00000;0.00000;0.00000;0.00000
139;0;0.98062;0.01938;0.00000;0.00000;0.00000;0.00000;0.00000
139;1;0.11809;0.88191;0.00000;0.00000;0.00000;0.00000;0.00000
139;2;0.00000;0.00000;0.00000;0.00000;0.00000;0.00000;0.00000
139;3;0.00000;0.00000;0.00000;0.00000;0.00000;0.00000;0.00000
139;4;0.00000;0.00000;0.00000;0.00000;0.00000;0.00000;0.00000
139;5;0.00000;0.00000;0.00000;0.00000;0.00000;0.00000;0.00000
139;6;0.00000;0.00000;0.00000;0.00000;0.00000;0.00000;0.00000
140;0;0.98167;0.01833;0.00000;0.00000;0.00000;0.00000;0.00000
140;1;0.12787;0.87213;0.00000;0.00000;0.00000;0.00000;0.00000
140;2;0.00000;0.00000;0.00000;0.00000;0.00000;0.00000;0.00000
140;3;0.00000;0.00000;0.00000;0.00000;0.00000;0.00000;0.00000
140;4;0.00000;0.00000;0.00000;0.00000;0.00000;0.00000;0.00000
140;5;0.00000;0.00000;0.00000;0.00000;0.00000;0.00000;0.00000
140;6;0.00000;0.00000;0.00000;0.00000;0.00000;0.00000;0.00000
141;0;0.97650;0.02350;0.00000;0.00000;0.00000;0.00000;0.00000
141;1;0.13768;0.86232;0.00000;0.00000;0.00000;0.00000;0.00000
141;2;0.00000;0.00000;0.00000;0.00000;0.00000;0.00000;0.00000
141;3;0.00000;0.00000;0.00000;0.00000;0.00000;0.00000;0.00000
141;4;0.00000;0.00000;0.00000;0.00000;0.00000;0.00000;0.00000
141;5;0.00000;0.00000;0.00000;0.00000;0.00000;0.00000;0.00000
141;6;0.00000;0.00000;0.00000;0.00000;0.00000;0.00000;0.00000
142;0;0.98748;0.01252;0.00000;0.00000;0.00000;0.00000;0.00000
142;1;0.12922;0.87078;0.00000;0.00000;0.00000;0.00000;0.00000
142;2;0.00000;0.00000;0.00000;0.00000;0.00000;0.00000;0.00000
142;3;0.00000;0.00000;0.00000;0.00000;0.00000;0.00000;0.00000
142;4;0.00000;0.00000;0.00000;0.00000;0.00000;0.00000;0.00000
142;5;0.00000;0.00000;0.00000;0.00000;0.00000;0.00000;0.00000
142;6;0.00000;0.00000;0.00000;0.00000;0.00000;0.00000;0.00000
143;0;0.98798;0.01202;0.00000;0.00000;0.00000;0.00000;0.00000
143;1;0.16998;0.83002;0.00000;0.00000;0.00000;0.00000;0.00000
143;2;0.00000;0.00000;0.00000;0.00000;0.00000;0.00000;0.00000
143;3;0.00000;0.00000;0.00000;0.00000;0.00000;0.00000;0.00000
143;4;0.00000;0.00000;0.00000;0.00000;0.00000;0.00000;0.00000
143;5;0.00000;0.00000;0.00000;0.00000;0.00000;0.00000;0.00000
143;6;0.00000;0.00000;0.00000;0.00000;0.00000;0.00000;0.00000
144;0;0.99084;0.00916;0.00000;0.00000;0.00000;0.00000;0.00000
144;1;0.28645;0.71355;0.00000;0.00000;0.00000;0.00000;0.00000
144;2;0.00000;0.00000;0.00000;0.00000;0.00000;0.00000;0.00000
144;3;0.00000;0.00000;0.00000;0.00000;0.00000;0.00000;0.00000
144;4;0.00000;0.00000;0.00000;0.00000;0.00000;0.00000;0.00000
144;5;0.00000;0.00000;0.00000;0.00000;0.00000;0.00000;0.00000
144;6;0.00000;0.00000;0.00000;0.00000;0.00000;0.00000;0.00000
